username,password_hash
risk_manager,ad228affbf83115e961bc8653e81b6ca96ee987fd2990bfb1e74ac9065e6769c36b226fbac1303dd97cdc71aec30c2e9de56e839bf7c9643205874590ca6a1f1
business_analyst,3dd3129e4c2333ed461b02b289be2b0cccde581042ce81c581d05b9a156cf44969328a1181a376846244cfebe572e8c4f3d1f9dd6d7d75b854c96a0bf41de53b
legal_counsel,eb73711822914d6271595e1beced28ec3f772f86314cb26eba8fbe3d14f39ae5103b1cb5ee917de964eaed0505f7df8ec43141baff4558ba03fc2f36ff0c2833
contractor_dev,f74d73a062e2794d9475dd0aceef9a02b0ee101ca6a9dd2580388214774297a5b4da605a92becd14d4305efef27d441931ce48d2d1584ec0c24b9c9eff3e2d27
sys_admin,571575ee4ae79c612585c181fc3126445eb52f0b48e323d6c1067743e6c5068d9b642a0d4149610fe69a6f0cd08f0366beffdb9594445ca5d6864af899c8607d
audit_expert,8296e03db348b7911638892e23aac19a5f83da038f18428fd374340aebfbeab274640e644e4dd91631780373571753e86597a11800d38c9d871e12b70cf3bae6
threat_hunter,9bcedcd09a2b6485c58bf69d4a7f08f179990c4fad29e8765f30ec6041cdc7cafc48cb5ed9c7d850bce4c1b51925b3a3bfd0ebe193edf45265b77c518afe330d
compliance_officer,b57804988a5081d52388416edb160200f4cff047d7eeacb4e0cb7a129387df4ccd66b8d08c1895a9e35d746ba08844cdec45f1280a568939fc7b244d67a445c2
sys_engineer,cae40659c19ce28ac8b41ba144e54fce4ac160329f575bd77498c7ecb639a9cb1b0ef1d44b38692ef0810ff4f7cf0a52331bf11bfd80d6a32422946221a779f3
